sheet_type,print_run,checkbox_layout
impr 2011-01,impr 2011-01,impr 2011-01
rev 2012-01,rev 2012-01,rev 2012-01
rev 2012-01,rev 2012-01 impr 2012-03,rev 2012-01
rev 2012-01,ips 1834703..,rev 2012-01
rev 2012-01,impr 2012-10,rev 2012-01
rev 2012-01,rev 2012-01 IMPRIME 2014/04,rev 2012-01
rev 2012-01,imp 2013-10,rev 2012-01
rev 2012-01,imp 2014-08,rev 2012-01
rev 2012-01,imp 2014-10,rev 2012-01
rev 2012-01,imp 2015-03,rev 2012-01
rev 2012-01,imp 2015-06,rev 2012-01
rev 2012-01,imp 2015-03 or imp 2015-06,rev 2012-01
rev 2012-01,imp 2016-02,rev 2012-01
rev 2012-01,rev 2016-06 impr 2017-05,rev 2016-06 impr 2017-05
rev 2017-05,rev 2016-12,rev 2017-05
rev 2017-05,rev 2017-05,rev 2017-05
rev 2017-05,rev 2017-05 impr 2017-07,rev 2017-05
rev 2017-05,rev 2017-05 impr 2017-11,rev 2017-05
